X,Y,POINT_X,POINT_Y,ID2,Elevation,Analytical Hillshading,Convergence Index,Total Catchment Area,Topographic Wetness Index,LS-Factor,Channel Network Base Level,Channel Network Distance,Valley Depth,Relative Slope Position,Slope,Aspect,TRASP,Profile Curvature,Plan Curvature,Tangential Curvature,Total Insolation,Cookwest cells clusterID 20191125
493161.5532,5180694.683,493161.5532,5180694.683,426,780.55859,0.966504,5.654131,234.525375,3.798865,2.235422,774.560181,5.998413,13.507324,0.30752,13.386174,91.994141,0.265219075,0.005656,0.035907,0.008313,1703.329834,4
493180.2733,5180690.089,493180.2734,5180690.089,427,775.14771,0.942539,4.143743,395.521423,4.751667,2.107197,774.111145,1.03656,18.861145,0.052094,11.316509,94.572327,0.28531431,-0.013476,0.000053,0.00001,1720.976685,2
493206.1393,5180697.801,493206.1393,5180697.801,428,773.77847,0.795158,1.89322,68590.73438,13.120214,0.15647,773.778442,0,20.174927,0,0.652406,166.180374,0.86076155,-0.000366,-0.101578,-0.001157,1744.501831,2
493119.9033,5180723.638,493119.9033,5180723.638,429,784.95648,0.786151,4.955688,241.125671,3.990233,2.652498,776.221313,8.735168,9.450562,0.480331,14.641,37.791183,0.004615643,0.005119,0.008573,0.002167,1467.174561,1
493156.7321,5180717.818,493156.7321,5180717.818,430,781.49876,0.865334,4.406269,243.325684,4.041813,2.523041,775.325806,6.172974,12.710693,0.326895,14.056519,57.628639,0.057014054,0.000367,0.025841,0.006276,1548.044189,1
493181.8996,5180719.875,493181.8996,5180719.875,431,775.1724,0.889039,0.361916,448.249329,5.179165,1.475188,774.521118,0.651306,18.930664,0.033261,8.413308,87.084068,0.228296051,-0.010771,-0.00444,-0.00065,1708.152222,2
493220.8261,5180728.353,493220.8261,5180728.354,432,773.94018,0.783958,-17.333029,22266.06641,12.829718,0.158368,773.942261,0,20.075134,0,0.683682,232.262924,0.962727535,-0.001901,-0.209171,-0.002496,1742.023682,2
493062.6888,5180751.108,493062.6888,5180751.108,433,788.58245,0.84726,1.58432,324.874298,4.168036,3.255472,777.463501,11.118958,6.493591,0.631309,16.417372,49.660393,0.029148328,-0.004292,-0.003993,-0.001128,1474.490845,1
493099.6378,5180747.435,493099.6378,5180747.435,434,783.32125,0.776456,1.873241,461.702789,4.778514,2.547923,776.879822,6.441406,11.38678,0.361305,12.811976,36.232742,0.002955458,-0.007546,-0.011303,-0.002507,1498.210693,1
493129.397,5180740.359,493129.397,5180740.359,435,779.68145,0.798962,1.483615,555.43042,5.616518,1.631762,776.551941,3.129517,14.862122,0.173943,8.489032,46.049049,0.01948731,-0.006434,-0.011267,-0.001663,1604.149414,4
493154.1404,5180744.3,493154.1404,5180744.3,436,777.68065,0.809859,0.549102,684.497498,5.860325,1.15478,776.247742,1.432922,16.755249,0.078783,6.520043,54.269073,0.044187365,-0.003605,-0.015432,-0.001752,1650.5448,4
493182.8059,5180757.26,493182.8059,5180757.26,437,776.43932,0.882014,-11.741327,219.935303,4.401729,0.951749,775.803223,0.636108,17.91687,0.034286,6.963161,174.344604,0.90626878,-0.002923,0.043013,0.005215,1854.395996,3
493221.0407,5180736.025,493221.0407,5180736.025,438,774.08734,0.793746,-9.577301,7525.638672,10.862984,0.179874,774.087341,0,19.975586,0,0.973205,195.693817,0.984494536,0.000047,-0.097114,-0.001649,1751.822021,2
493253.4584,5180757.366,493253.4584,5180757.366,439,774.78549,0.763832,-5.694889,1429.927002,8.48165,0.19576,774.785461,0,19.262878,0,1.406261,286.824646,0.61396603,-0.001522,-0.050711,-0.001245,1726.183716,2
493033.3601,5180774.243,493033.3601,5180774.243,440,790.37636,0.841371,-3.13387,369.437012,4.624563,3.117069,778.061279,12.315063,5.309998,0.698725,14.986598,50.212925,0.030792447,-0.001642,-0.02691,-0.006959,1502.941894,1
493058.079,5180770.8,493058.0791,5180770.8,441,785.50541,0.789041,-3.340389,474.090393,5.120025,1.726583,777.804749,7.700684,9.94751,0.436344,9.422985,41.55365,0.010131203,-0.006088,0.005807,0.000951,1576.731201,4
493078.9372,5180776.433,493078.9372,5180776.433,442,783.56776,0.825845,-4.370391,431.969055,5.142824,1.108034,777.629395,5.938354,11.722595,0.336242,6.980818,61.165394,0.072161507,0.000779,0.041014,0.004985,1657.762817,4
493115.5741,5180772.255,493115.5741,5180772.255,443,779.71249,0.84223,-7.631547,1020.070007,6.201617,1.346649,777.364319,2.348145,15.330872,0.132821,6.903213,70.194252,0.118069611,-0.001677,0.001996,0.00024,1678.030151,4
493136.9419,5180765.204,493136.9419,5180765.204,444,778.31981,0.798821,-5.861304,1165.091309,6.576863,1.012892,776.964966,1.354858,16.441895,0.07613,5.427844,50.476929,0.031593435,-0.002491,-0.010107,-0.000956,1660.432251,4
493177.1408,5180763.598,493177.1408,5180763.598,445,777.46303,0.834723,-11.650448,195.164795,4.529733,0.9901,776.347961,1.115051,17.031738,0.061446,7.0282,204.421814,0.99763224,-0.001181,0.044209,0.005409,1843.981812,3
493211.0524,5180783.166,493211.0524,5180783.166,446,777.45186,0.926226,3.165736,717.799866,5.659188,1.602028,776.473755,0.978088,16.953125,0.054547,8.337389,150.551437,0.754155841,-0.00124,-0.026479,-0.00384,1856.407959,3
493250.041,5180770.245,493250.041,5180770.245,447,775.04703,0.811196,-1.60175,1071.989502,7.335832,0.334867,775.047058,0,19.09729,0,2.343653,186.79866,0.959563063,-0.002929,-0.017924,-0.000733,1777.628418,2
493269.5307,5180778.103,493269.5307,5180778.103,448,775.23749,0.789682,-1.314287,1473.275513,8.534325,0.161022,775.237488,0,18.831055,0,1.226017,214.045364,0.998754254,-0.00058,-0.067311,-0.00144,1753.569824,2
493010.7625,5180819.579,493010.7625,5180819.579,449,793.097,0.956615,-2.285851,318.539185,4.577868,1.912972,778.706543,14.390442,3.988037,0.783005,10.855162,107.53923,0.39211445,0.003308,-0.009671,-0.001821,1770.797119,2
493037.9903,5180804.644,493037.9903,5180804.644,450,788.54245,0.941504,-5.199444,631.923218,5.2739,2.16377,778.493713,10.048767,7.984619,0.557231,10.739088,98.669769,0.318128616,-0.003101,-0.0178,-0.003317,1739.252686,2
493062.9934,5180810.278,493062.9934,5180810.278,451,784.24506,0.906928,-3.892195,824.580017,5.814919,1.611724,778.51123,5.733826,12.151978,0.32058,8.198483,101.118385,0.338193089,-0.000767,0.006034,0.00086,1749.053345,2
493099.006,5180815.365,493099.006,5180815.365,452,779.76106,0.843133,-4.666996,6518.585938,9.480866,0.872626,778.307617,1.45343,16.069824,0.082943,3.334651,142.471939,0.691115455,-0.001955,-0.18134,-0.010548,1780.764893,2
493108.4058,5180801.305,493108.4058,5180801.305,453,778.97971,0.830028,-5.008229,9391.883789,10.051637,0.719121,778.022583,0.957153,16.546387,0.054683,2.716138,155.14978,0.787857932,-0.004129,-0.22566,-0.010694,1777.809204,2
493163.5092,5180809.393,493163.5092,5180809.393,454,778.09439,0.747033,-1.144869,11222.44727,9.300963,1.245303,777.683899,0.410461,16.876526,0.023744,4.330739,257.413544,0.838350973,-0.008556,-0.026678,-0.002015,1747.284302,2
493186.1087,5180807.786,493186.1087,5180807.786,455,780.48596,0.747681,-0.337973,180.697113,4.677156,0.552124,777.542236,2.943726,14.29718,0.170741,4.664855,254.710831,0.855333247,0.005462,0.036777,0.002991,1752.950317,2
493218.9118,5180794.019,493218.9118,5180794.019,456,778.41779,0.930921,1.424489,594.516907,5.324334,1.8576,776.874634,1.543152,15.992798,0.087999,9.629027,167.232239,0.867056027,-0.00152,-0.009688,-0.00162,1891.113525,3
493241.5752,5180806.682,493241.5752,5180806.682,457,779.78015,0.9684,1.006213,426.932434,4.740018,2.387698,777.149719,2.630432,14.574768,0.152886,12.32767,169.656204,0.881086855,-0.000368,0.008881,0.001896,1928.625977,3
493269.8864,5180802.812,493269.8864,5180802.812,458,777.8932,0.947574,1.122223,654.606445,5.37951,1.994567,776.916138,0.977051,16.317505,0.056495,10.025159,158.76329,0.813052176,-0.002801,0.006905,0.001202,1888.555908,3
493295.4658,5180815.285,493295.4658,5180815.285,459,778.07884,0.954769,0.666815,575.584351,5.241597,1.966732,777.160156,0.918701,16.101868,0.053976,10.116589,152.710999,0.770200927,-0.004466,0.008112,0.001425,1881.473144,3
493011.8358,5180850.195,493011.8359,5180850.195,460,795.38848,0.953903,1.385442,264.371552,3.913935,2.302963,779.179504,16.208984,3.286377,0.831428,13.447355,86.61898,0.224897922,0.003034,0.021048,0.004895,1680.213257,4
493036.3095,5180831.965,493036.3095,5180831.966,461,790.15216,0.970709,1.202144,409.643829,4.707705,2.34166,778.920654,11.231506,7.342468,0.60469,12.220213,102.597069,0.350455197,-0.002659,0.009648,0.002042,1752.014282,2
493054.8175,5180848.523,493054.8175,5180848.523,462,786.48934,0.920861,0.109397,483.134552,4.780243,1.871913,779.03656,7.452759,10.928528,0.405454,10.411593,89.981293,0.249858635,-0.001791,0.014396,0.002602,1710.101318,2
493102.811,5180826.693,493102.811,5180826.693,463,780.43803,0.832724,-3.724496,3084.645508,8.540528,0.963512,778.525757,1.912292,15.583557,0.1093,4.038884,184.284409,0.950479492,-0.000942,-0.061751,-0.004349,1806.194092,3
493109.4478,5180838.723,493109.4478,5180838.723,464,781.49785,0.817979,-1.752756,180.204391,4.769226,0.35288,778.707214,2.790649,14.555237,0.160882,3.418051,193.30275,0.978918143,0.00459,0.049523,0.002953,1794.435059,2
493137.037,5180842.74,493137.037,5180842.74,465,780.7084,0.830114,-12.059527,204.778213,4.769192,0.781906,778.869568,1.838806,15.192993,0.107963,5.813308,68.60511,0.109267586,0.003018,0.041028,0.004156,1685.795898,4
493175.1036,5180850.153,493175.1036,5180850.153,466,781.05666,0.774302,-0.294501,657.524963,5.984274,0.927579,778.986389,2.070251,14.362732,0.125981,5.539604,234.361984,0.955478778,0.00082,0.027369,0.002642,1788.322144,2
493216.5489,5180832.894,493216.5489,5180832.894,467,784.90145,0.790536,7.836402,235.336609,4.326286,1.281604,778.350159,6.55127,9.874023,0.398853,8.583359,227.324036,0.977317982,0.000164,0.062799,0.009373,1828.623535,3
493233.3668,5180822.37,493233.3668,5180822.37,468,784.38242,0.936304,4.408939,265.799652,4.070878,1.910776,777.990723,6.391724,10.159424,0.38618,11.611653,180.437225,0.93490783,0.002205,0.025877,0.005208,1923.54834,3
493271.1005,5180842.43,493271.1005,5180842.43,469,785.26785,0.964363,5.295883,376.769775,4.774824,1.907419,778.23822,7.029602,9.151611,0.43443,10.551383,149.760452,0.748187437,0.001843,0.005089,0.000932,1882.291016,3
493304.2735,5180838.744,493304.2735,5180838.745,470,780.20218,0.976883,6.020605,326.549805,4.397511,1.891259,777.773865,2.428345,14.034851,0.147501,11.036545,128.229614,0.571570246,-0.000876,0.033853,0.006481,1836.245361,3
493324.898,5180847.638,493324.898,5180847.638,471,777.82639,0.879806,2.858022,475.53125,5.58582,0.956731,777.565674,0.260742,16.390015,0.015659,5.964507,108.888275,0.403638613,-0.009039,-0.000257,-0.000027,1762.549927,2
492992.9117,5180871.682,492992.9117,5180871.683,472,799.11251,0.902488,1.485642,300.405151,4.622425,1.660512,779.351929,19.760559,1.14093,0.945414,9.813028,84.775116,0.211606423,0.009989,0.000244,0.000042,1696.778564,4
493042.1069,5180868.908,493042.1069,5180868.908,473,787.81298,0.906203,0.450494,799.593567,5.486509,2.333606,779.326904,8.486084,10.490723,0.447182,10.980025,80.08889,0.179200811,-0.004452,-0.008471,-0.001613,1671.199463,4
493058.4464,5180856.557,493058.4465,5180856.557,474,784.67457,0.894963,0.179713,907.055542,5.852661,1.767597,779.190247,5.484314,12.805481,0.299857,8.677248,88.524033,0.238929563,-0.00313,-0.003457,-0.000522,1712.880371,2
493091.8004,5180882.38,493091.8004,5180882.38,475,782.2904,0.835168,-4.669461,1125.300537,6.681953,0.839867,779.730164,2.560242,15.184265,0.144284,4.722934,80.311081,0.180690498,-0.00286,0.003322,0.000273,1713.589111,2
493106.7598,5180863.138,493106.7598,5180863.138,476,781.88775,0.814239,-0.059481,777.66156,6.519336,0.596972,779.360779,2.526978,14.926697,0.144782,3.843154,68.75943,0.110109272,0.003338,-0.002673,-0.000179,1703.974976,4
493149.3342,5180853.777,493149.3342,5180853.777,477,779.54296,0.815078,-11.674309,9884.555664,10.261829,1.315586,779.049744,0.493225,16.177246,0.029587,3.951424,201.265686,0.99420156,-0.004442,-0.114817,-0.007912,1799.888306,2
493174.7823,5180868.391,493174.7823,5180868.391,478,781.4917,0.750655,-1.63305,873.904968,6.278265,0.969943,779.217896,2.273804,14.044434,0.139341,5.487677,248.883133,0.889213989,0.000421,0.013985,0.001337,1764.461304,2
493208.3152,5180868.253,493208.3152,5180868.253,479,786.34942,0.697128,4.333371,352.029053,4.674641,1.959437,779.050049,7.299377,8.675537,0.456927,10.889332,257.776215,0.83601403,-0.003853,-0.008669,-0.001638,1751.543213,2
493243.9471,5180860.579,493243.9471,5180860.579,480,790.40366,0.850933,18.674576,143.056931,4.170228,0.676718,778.883423,11.520264,4.334229,0.726625,5.718215,186.031708,0.956885205,0.001313,0.095315,0.009497,1836.454224,3
493272.8861,5180873.382,493272.8861,5180873.382,481,788.51952,0.927298,7.183066,226.864075,4.370884,1.512903,778.83844,9.681091,6.084351,0.61407,9.535426,101.200294,0.338869581,0.003328,0.039494,0.006543,1749.597656,2
493311.5186,5180869.989,493311.5187,5180869.989,482,779.67841,0.919475,2.660244,413.321259,4.645352,1.766668,778.14386,1.534546,14.679993,0.09464,10.198117,90.763779,0.255794299,-0.008443,0.005364,0.00095,1712.91394,2
493343.9714,5180871.53,493343.9714,5180871.53,483,778.20717,0.814959,-15.588865,468.716492,5.891572,0.631261,778.116516,0.090637,16.110352,0.005595,4.337658,203.981781,0.997244303,-0.003499,0.034909,0.00264,1804.76062,2
492980.0493,5180899.163,492980.0494,5180899.163,484,801.13813,0.947281,1.903283,477.684448,5.050639,1.905575,779.491577,21.646545,0.967896,0.9572,10.161287,108.999702,0.40459295,0.004547,0.000101,0.000018,1775.390259,2
493009.1839,5180907.594,493009.1839,5180907.594,485,794.5263,0.984343,-0.428979,767.646606,5.312756,2.731874,779.690918,14.835388,6.609192,0.691801,12.495695,108.523247,0.400514837,-0.003748,-0.003933,-0.000851,1774.788574,2
493023.543,5180900.91,493023.543,5180900.91,486,792.65275,0.960413,-0.964679,770.924072,5.463547,2.27761,779.736816,12.915955,7.928101,0.619647,10.835836,110.869507,0.420658225,-0.002116,0.013117,0.002466,1781.046509,2
493063.9114,5180906.535,493063.9114,5180906.535,487,785.57648,0.893007,-2.847458,888.984985,5.763415,1.921809,779.947021,5.629456,13.313354,0.297182,9.287861,83.321404,0.201337207,-0.003432,-0.006004,-0.000969,1694.244141,4
493099.1137,5180903.806,493099.1137,5180903.806,488,782.02959,0.823645,-15.86662,8436.762695,10.043904,0.61861,780.12146,1.908142,15.581238,0.109103,2.459108,162.532288,0.83800279,-0.002431,-0.097659,-0.00419,1776.464111,2
493117.1142,5180911.406,493117.1142,5180911.406,489,782.55288,0.802021,-5.962494,2620.529785,8.471117,0.826154,780.330444,2.222412,14.969482,0.129271,3.678967,211.756546,0.999765048,-0.003241,-0.089536,-0.005745,1789.237549,2
493139.5956,5180910.312,493139.5956,5180910.312,490,785.29167,0.803985,-0.806316,189.442001,4.58654,0.48166,780.354919,4.936768,11.487244,0.300582,4.310464,212.764069,0.999418288,0.00267,0.109548,0.008234,1799.290527,2
493191.851,5180888.266,493191.851,5180888.266,491,783.83251,0.71006,-1.827786,485.398926,5.486991,1.119814,779.56488,4.267639,11.630127,0.268443,6.714202,267.70047,0.767172708,-0.002151,0.007134,0.000834,1728.655762,2
493197.1613,5180897.022,493197.1613,5180897.022,492,783.83687,0.715939,-2.905597,748.06897,5.951889,1.171329,779.768066,4.068787,11.730957,0.257522,6.502255,265.419769,0.783779851,-0.004355,-0.017125,-0.001939,1733.974487,2
493230.8047,5180909.185,493230.8047,5180909.185,493,791.61367,0.698366,26.367157,138.238373,3.837078,0.986041,779.680542,11.933105,3.538513,0.77129,7.689368,268.514984,0.761137782,0.011035,0.018088,0.00242,1725.552612,2
493267.6537,5180899.171,493267.6537,5180899.171,494,790.42654,0.905558,8.473237,196.391876,3.945526,1.439691,779.278748,11.147766,4.380676,0.717893,9.764859,86.594345,0.224718432,0.007244,0.018686,0.003169,1702.395752,4
493290.595,5180901.079,493290.595,5180901.079,495,781.98948,0.920719,3.123616,493.795105,4.741902,2.933919,779.203796,2.785706,12.721313,0.179642,14.159933,72.687912,0.132471173,-0.007546,-0.001562,-0.000382,1607.600342,4
493334.9706,5180903.195,493334.9706,5180903.196,496,780.29649,0.797926,-12.966917,323.345459,4.69296,1.283185,778.982056,1.314453,14.246643,0.08447,8.178823,224.019547,0.985106568,-0.001933,0.017502,0.00249,1829.918213,3
493369.0523,5180906.422,493369.0523,5180906.422,497,781.82094,0.890187,6.205503,248.480011,4.877057,0.907251,779.183777,2.637146,12.624451,0.172796,6.328438,154.371521,0.782278405,-0.000897,0.040205,0.004432,1834.358276,3
492963.978,5180941.429,492963.978,5180941.43,498,809.47769,0.944763,3.440506,220.936462,4.113739,1.529112,779.714233,29.763428,0,1,9.940653,109.915947,0.412453648,0.005935,0.055667,0.00961,1778.495117,2
492996.9987,5180938.338,492996.9987,5180938.338,499,801.46638,1.011671,0.692315,365.072662,4.008849,3.237949,779.815979,21.650391,2.674927,0.890035,16.71434,91.203102,0.259146885,-0.000761,0.016502,0.004746,1682.114014,4
493021.3223,5180921.387,493021.3223,5180921.387,500,793.392,0.96037,-0.851951,551.708252,4.680398,2.568685,779.921997,13.470032,7.930481,0.629426,13.053598,91.379807,0.26049937,-0.000928,0.009056,0.002045,1702.942017,4
493050.6117,5180917.413,493050.6117,5180917.413,501,787.07031,0.907723,-2.692582,909.950928,5.66808,2.24263,780.019165,7.051147,12.486694,0.360897,10.433363,83.590912,0.203226726,-0.003972,-0.009726,-0.001761,1687.570068,4
493103.9841,5180931.401,493103.9842,5180931.401,502,784.19526,0.875153,-8.695364,1349.045532,6.627709,1.179841,780.638489,3.556763,13.952759,0.203133,5.969484,166.956802,0.865419651,-0.001722,-0.01013,-0.001054,1836.099487,3
493114.7118,5180915.253,493114.7118,5180915.253,503,782.55288,0.802021,-5.962494,2620.529785,8.471117,0.826154,780.330444,2.222412,14.969482,0.129271,3.678967,211.756546,0.999765048,-0.003241,-0.089536,-0.005745,1789.237549,2
493141.2115,5180938.965,493141.2115,5180938.965,504,786.70222,0.815138,-0.979239,236.60762,4.779577,0.956137,780.735413,5.966797,10.360352,0.365452,6.640324,213.289566,0.999176141,-0.001006,0.035029,0.004051,1830.203369,3
493170.6913,5180914.324,493170.6914,5180914.324,505,784.29715,0.867025,-4.450064,897.905762,6.310523,0.968747,780.264893,4.032288,11.844055,0.253981,5.459425,167.402405,0.868062749,-0.001538,-0.040661,-0.003868,1829.194336,3
493220.4265,5180926.692,493220.4265,5180926.692,506,789.87962,0.696767,26.136303,175.906616,4.195611,1.300704,780.078064,9.801575,5.577148,0.637346,8.821895,263.954987,0.794210327,0.00417,-0.009947,-0.001525,1735.061035,2
493239.6474,5180927.303,493239.6474,5180927.303,507,791.34914,0.754471,9.634274,119.354797,3.507755,0.970499,779.913025,11.436096,3.878235,0.746758,7.950797,28.166069,0.000256108,0.014861,0.060489,0.008367,1586.837646,4
493268.48,5180916.698,493268.48,5180916.698,508,786.56179,0.919526,3.391328,307.008057,4.07561,3.35951,779.542053,7.019714,8.336548,0.457124,16.982712,64.833344,0.089591532,0.000318,0.011688,0.003414,1536.21582,1
493294.8985,5180923.612,493294.8985,5180923.612,509,780.78327,0.871399,3.652709,485.790161,5.186419,1.645108,779.584961,1.198303,14.08783,0.078392,9.041633,74.406746,0.142804852,-0.008887,0.003496,0.000549,1665.996216,4
493336.6856,5180942.783,493336.6856,5180942.783,510,784.17582,0.714602,4.350842,179.812042,4.135551,1.449475,779.677002,4.49884,10.692017,0.296154,9.562654,254.628555,0.85583801,0.006572,0.028887,0.004799,1761.982666,2
493361.5256,5180928.922,493361.5256,5180928.922,511,784.13347,0.862672,11.111972,178.449982,4.837599,0.58326,779.413818,4.719666,10.47937,0.310524,4.736475,156.61322,0.798205048,0.002092,0.051245,0.004231,1812.89209,3
492950.4014,5180972.06,492950.4014,5180972.06,512,812.67431,0.979853,8.504633,227.780121,4.060733,2.243096,779.78833,32.885986,0,1,12.951845,101.377037,0.340330435,0.006554,0.01245,0.002791,1747.530518,2
492963.0602,5180946.713,492963.0602,5180946.713,513,809.47769,0.944763,3.440506,220.936462,4.113739,1.529112,779.714233,29.763428,0,1,9.940653,109.915947,0.412453648,0.005935,0.055667,0.00961,1778.495117,2
493011.8001,5180951.703,493011.8001,5180951.703,514,795.63173,0.977783,0.26069,1099.035767,5.62234,3.119501,780.072693,15.559021,7.211548,0.683295,13.105531,99.070183,0.321387942,-0.002869,-0.028838,-0.006539,1734.663208,2
493042.6085,5180971.491,493042.6085,5180971.491,515,792.58332,0.904494,2.373143,708.553345,6.078609,1.295896,780.499817,12.083496,8.589478,0.584507,6.839784,139.15007,0.664021776,-0.000151,-0.025926,-0.003088,1820.924805,3
493060.3402,5180950.15,493060.3402,5180950.15,516,788.91537,0.933869,-0.335537,848.097778,5.737886,1.852511,780.562439,8.352905,11.064209,0.430183,9.09305,157.163193,0.802043648,-0.000356,0.002431,0.000384,1873.387329,3
493088.7635,5180949.424,493088.7635,5180949.424,517,785.6221,0.903669,-8.819167,833.730713,5.92574,1.422173,780.721008,4.901062,13.022461,0.273443,7.429029,160.616928,0.825499258,-0.002303,-0.013213,-0.001708,1854.357422,3
493120.1183,5180944.186,493120.1184,5180944.186,518,785.70852,0.819882,0.043936,683.471802,5.867806,1.608562,780.887573,4.820923,12.010986,0.286416,8.129993,214.809082,0.998239791,-0.003098,-0.033131,-0.004685,1845.353027,3
493155.2814,5180956.642,493155.2815,5180956.642,519,789.08824,0.852329,0.605276,149.235687,4.283517,0.499111,781.074219,8.014038,7.993835,0.500631,4.596162,169.671402,0.881172702,0.001187,0.090318,0.007237,1816.794067,3
493192.5125,5180965.57,493192.5125,5180965.57,520,789.44632,0.745609,-0.04515,101.811539,4.381996,0.189942,780.969666,8.476685,6.903809,0.551132,2.381164,331.426666,0.239296587,0.008621,0.261125,0.010849,1694.092285,4
493217.0436,5180948.574,493217.0436,5180948.574,521,789.55044,0.772572,16.618069,109.543587,5.296607,0.077673,780.470093,9.080322,6.254395,0.592142,1.161023,264.721375,0.788776556,0.008102,0.356454,0.007223,1737.25,2
493246.2389,5180957.656,493246.2389,5180957.656,522,784.60103,0.771479,1.183013,352.042786,4.267764,3.232138,780.29071,4.310303,10.920776,0.282994,16.118294,33.966721,0.001197801,-0.005112,-0.00134,-0.000372,1423.006592,1
493262.4628,5180963.453,493262.4628,5180963.453,523,780.86817,0.77897,0.734625,629.346008,6.365459,0.750978,780.193726,0.674438,14.571228,0.044238,4.572301,38.090611,0.004976633,-0.008631,-0.006336,-0.000505,1658.392334,4
493310.2134,5180963.203,493310.2134,5180963.203,524,780.87834,0.728703,-1.790075,567.520508,5.753247,1.00325,779.915283,0.963074,14.261719,0.063257,6.020607,260.277252,0.81953662,-0.006651,-0.013113,-0.001375,1744.573242,2
493340.6477,5180950.902,493340.6477,5180950.903,525,785.65868,0.743744,3.000726,100,3.881043,0.300608,779.748718,5.909973,9.265747,0.389436,3.457667,269.93219,0.750512299,0.013125,0.071505,0.004313,1732.486084,2
492927.6971,5180999.265,492927.6971,5180999.265,526,817.4632,0.793374,57.719582,100,5.347751,0.044761,779.721252,37.741943,0,1,0.798502,190.421036,0.971090275,0.016599,0.597976,0.008333,1752.407349,2
492982.4429,5180994.776,492982.4429,5180994.776,527,804.86545,0.969511,3.138339,377.061707,4.231577,2.588598,780.02887,24.836609,1.20166,0.95385,13.940169,90.058746,0.250444104,-0.001776,0.019914,0.004797,1693.123535,4
493009.3632,5180974.388,493009.3632,5180974.388,528,797.17218,0.980991,0.881028,740.003235,5.312006,2.593645,780.185608,16.986572,5.922852,0.741467,12.067998,111.216141,0.423646284,-0.001699,0.005669,0.001185,1784.062256,2
493023.2676,5180983.677,493023.2676,5180983.677,529,795.99332,0.943062,2.70841,552.478027,5.180636,2.000399,780.329468,15.663879,6.410706,0.709589,10.316357,103.842712,0.360862418,-0.001278,0.025308,0.004532,1757.428833,2
493053.7947,5181002.485,493053.7947,5181002.485,530,792.07673,0.853164,7.815733,650.159912,5.623812,1.448364,780.816223,11.260498,8.85022,0.559925,7.830235,71.45076,0.12523755,-0.000591,-0.003145,-0.000428,1673.283813,4
493093.7133,5180986.256,493093.7133,5180986.256,531,789.76006,0.831206,-16.748379,262.23233,6.034007,0.311635,781.250305,8.509766,9.436462,0.474181,2.657647,144.238113,0.705264841,0.004635,-0.088363,-0.004097,1774.302612,2
493120.0166,5180999.406,493120.0166,5180999.406,532,791.71834,0.755417,50.96714,117.527794,4.183763,0.496223,781.70575,10.012573,6.650024,0.600901,4.639781,248.923264,0.888994055,0.004665,0.072647,0.005877,1762.105469,2
493162.9089,5180984.548,493162.9089,5180984.548,533,788.14218,0.891624,6.627751,266.84668,4.3657,1.929372,781.538574,6.603577,9.064453,0.421468,11.233453,73.350075,0.136413454,-0.005972,-0.006522,-0.00127,1644.873413,4
493192.3768,5180987.874,493192.3768,5180987.874,534,786.71987,0.70088,-3.274129,217.626816,3.974354,1.612827,781.259644,5.460205,9.860657,0.35639,10.497244,12.614066,0.022843143,0.001761,0.040574,0.007392,1514.066528,1
493224.8345,5180977.514,493224.8345,5180977.514,535,784.02223,0.834873,2.498804,357.966003,4.476524,2.567575,780.747742,3.274475,11.962585,0.214902,13.413324,50.789444,0.032554458,-0.008199,-0.008248,-0.001913,1530.942261,1
493242.8749,5180995.859,493242.8749,5180995.859,536,781.1643,0.806901,-9.814905,565.564514,6.721231,0.285316,780.71283,0.451477,14.793762,0.029614,2.286215,76.654007,0.156798832,-0.00014,0.02919,0.001164,1722.496826,2
493263.8687,5180983.071,493263.8687,5180983.071,537,780.56232,0.801148,-15.863749,975.598816,7.570203,0.214486,780.354248,0.208069,15.089417,0.013602,1.687802,76.616463,0.156560643,0.000251,0.042764,0.00126,1725.74231,2
493289.51,5180992.24,493289.51,5180992.24,538,780.94083,0.789211,-3.497793,935.487732,7.132772,0.503014,780.207764,0.733093,14.61969,0.04775,3.158876,222.605759,0.987947415,-0.00254,-0.017221,-0.000949,1776.570923,2
493322.1708,5180979.789,493322.1708,5180979.789,539,782.24967,0.700198,-2.949052,457.840485,5.551414,1.578704,779.94342,2.306274,12.943054,0.151238,8.37594,264.235321,0.792228785,-0.005267,-0.030302,-0.004414,1734.182129,2
492888.3592,5181032.839,492888.3592,5181032.84,540,809.41272,0.685958,1.912693,278.669281,4.149233,2.683264,779.719238,29.693481,0.484619,0.983941,14.44196,14.671804,0.017786277,0.000006,0.007683,0.001916,1422.570435,1
492905.7913,5181027.675,492905.7913,5181027.675,541,811.72305,0.656635,3.837796,229.336304,3.778044,3.191364,779.725525,31.997498,0,1,17.077204,10.99802,0.027246338,0.004989,0.010786,0.003167,1352.925781,1
492949.0801,5181016.254,492949.0801,5181016.254,542,810.54212,0.820661,6.119098,233.820007,3.731827,2.663239,779.901123,30.640991,0,1,15.202824,45.192177,0.017473858,-0.001236,0.037603,0.009861,1480.769531,1
492962.1544,5181025.993,492962.1544,5181025.993,543,806.80948,0.82166,5.067638,285.791351,4.060683,2.370928,779.973084,26.836426,0.463318,0.983028,13.444956,47.342487,0.022729989,-0.002179,0.026472,0.006155,1520.407837,1
492995.928,5181020.606,492995.9281,5181020.606,544,800.63838,0.877157,4.207964,482.223419,4.820356,2.575409,780.170166,20.468201,3.519592,0.853276,12.832428,63.605141,0.083564209,-0.00163,0.006815,0.001514,1589.369629,4
493023.6107,5181012.733,493023.6107,5181012.733,545,795.62597,0.872683,4.471068,579.24585,5.368278,1.691311,780.439331,15.186646,6.732361,0.692853,8.989221,75.242844,0.147948291,-0.005335,0.009353,0.001461,1672.533081,4
493045.7275,5181011.626,493045.7275,5181011.626,546,793.1208,0.853666,4.406772,610.262695,5.506936,1.531149,780.701355,12.419434,8.248657,0.600899,8.255224,69.781273,0.115753649,0.003408,0.018473,0.002652,1664.872437,4
493086.6924,5181007.828,493086.6924,5181007.828,547,789.49252,0.765621,8.306879,753.816162,7.319233,0.570044,781.297791,8.194702,10.254333,0.444181,3.349434,23.630386,0.003086552,-0.001532,-0.083471,-0.004877,1673.158813,4
493129.514,5181030.558,493129.5141,5181030.558,548,786.32061,0.764035,3.89351,313.217133,4.500825,2.05566,782.506348,3.81427,12.213379,0.237981,11.511392,33.071533,0.000718292,-0.007282,0.003854,0.000769,1520.198242,1
493152.8117,5181006.123,493152.8117,5181006.123,549,788.76848,0.865215,1.792943,211.168533,3.809044,2.739668,781.949463,6.819031,8.915527,0.433379,15.335381,55.304615,0.047975938,0.001656,0.023627,0.006249,1517.971436,1
493192.6269,5181009.404,493192.6269,5181009.404,550,783.53091,0.739989,-1.904759,720.900513,5.907154,1.174302,781.543518,1.987366,13.284912,0.130129,6.552416,18.512951,0.010015128,-0.005016,0.014101,0.001609,1605.735107,4
493219.1067,5181012.106,493219.1067,5181012.106,551,781.57356,0.796986,-14.635035,472.140411,6.116413,0.35999,781.231262,0.342285,14.880737,0.022485,2.893955,56.862881,0.053954774,-0.003048,0.012133,0.000613,1702.564209,4
493239.5389,5181028.823,493239.5389,5181028.823,552,781.66418,0.827101,-17.61478,3187.752441,7.742453,0.687487,780.847595,0.816589,14.666748,0.05274,3.586756,184.533447,0.951418223,0.003388,0.03321,0.002078,1800.049072,2
493274.8161,5181015.979,493274.8161,5181015.979,553,781.21559,0.804141,-5.178591,2672.863525,8.584225,0.437514,780.458435,0.757141,14.713379,0.048941,2.371353,199.120346,0.9910129,-0.002119,-0.071681,-0.002966,1775.990723,2
493305.6224,5181012.445,493305.6224,5181012.445,554,782.79743,0.792503,-0.350769,545.670532,5.7123,1.406966,780.243286,2.554138,12.944885,0.164793,7.589509,225.706818,0.98132977,-0.00487,-0.012104,-0.001599,1822.398193,3
493336.7909,5181011.174,493336.7909,5181011.174,555,786.30851,0.805544,10.37976,206.968521,4.555501,1.044953,780.122498,6.186035,9.292297,0.399658,7.261052,219.40184,0.993283458,0.003527,0.015397,0.001946,1829.836792,3
492858.62,5181046.696,492858.62,5181046.696,556,808.48174,0.724227,13.150429,280.709351,4.892154,1.066193,779.67688,28.804871,0.184631,0.993631,7.03543,11.95403,0.024595861,0.000007,-0.007015,-0.000859,1593.269409,4
492876.7068,5181052.896,492876.7068,5181052.896,557,806.91652,0.74991,5.199444,426.878265,5.315134,1.153803,779.706909,27.209595,0.836243,0.970183,7.009043,24.704836,0.002133754,-0.001728,0.00142,0.000173,1603.151733,4
492919.6765,5181042.041,492919.6765,5181042.041,558,803.79289,0.678614,0.656204,659.180908,5.047172,3.046703,779.81488,23.978027,3.863464,0.861234,13.938673,12.244408,0.02381698,-0.008391,-0.031286,-0.007536,1428.469238,1
492932.3383,5181065.075,492932.3383,5181065.076,559,799.70634,0.738541,-1.15414,1826.383423,6.808409,2.066324,779.872009,19.834351,5.927856,0.769901,8.476076,22.391605,0.004401924,-0.003683,-0.06661,-0.009818,1567.531616,1
492979.6174,5181061.523,492979.6174,5181061.523,560,797.1274,0.787554,2.938548,391.428314,4.515722,2.121677,780.121094,17.006287,6.429504,0.725654,11.735056,39.712517,0.007166682,-0.005736,0.010741,0.002185,1530.724609,1
492983.2329,5181052.727,492983.2329,5181052.727,561,798.91281,0.815531,3.160899,378.313812,4.359152,2.452747,780.120483,18.792297,4.827759,0.795608,13.21347,46.029495,0.019440163,0.000166,0.023829,0.005447,1521.172363,1
493020.1168,5181041.923,493020.1168,5181041.923,562,793.58599,0.833114,1.19099,679.614258,5.334948,2.227971,780.463501,13.122498,8.552856,0.605411,10.862781,54.442432,0.044811262,0.003451,0.00976,0.001839,1588.03125,4
493058.1072,5181058.689,493058.1072,5181058.689,563,787.98365,0.806766,-2.312086,1404.30249,6.883675,0.900602,780.997925,6.985718,12.752625,0.353916,4.81671,57.42065,0.056175267,-0.000549,-0.009305,-0.000781,1679.442261,4
493097.0665,5181058.716,493097.0665,5181058.717,564,786.13556,0.789832,-3.833249,3620.031006,8.446703,0.693743,781.61615,4.519409,13.692017,0.248163,3.28493,47.799202,0.023933175,-0.00076,-0.059097,-0.003386,1689.844727,4
493123.6167,5181049.005,493123.6167,5181049.005,565,785.80579,0.753088,2.070957,375.488159,5.015455,1.399748,782.546143,3.259644,13.092834,0.199336,8.302691,27.981989,0.000310097,-0.00543,0.013997,0.002021,1578.815308,4
493137.4942,5181045.326,493137.4942,5181045.326,566,784.96,0.775074,3.532964,414.319214,5.313913,1.105609,782.745117,2.214905,13.678528,0.13936,6.813109,36.599182,0.003312797,-0.009091,-0.011814,-0.001401,1618.956787,4
493168.3538,5181050.678,493168.3538,5181050.678,567,782.67204,0.799742,-29.597757,7409.307617,10.596645,0.248393,782.323608,0.34845,15.145325,0.02249,1.243042,184.083084,0.949714389,-0.003153,-0.150121,-0.003257,1757.886475,2
493211.7637,5181039.738,493211.7638,5181039.739,568,782.26286,0.827047,-17.952936,1863.255859,7.202035,0.620225,781.42572,0.837158,14.598206,0.054236,3.599119,184.785126,0.952358245,0.001885,0.028084,0.001763,1800.132935,2
493252.4427,5181040.21,493252.4428,5181040.21,569,782.48311,0.816472,-8.110635,4401.59082,8.744985,0.446082,780.676086,1.807007,14.024902,0.114137,2.351483,176.5439,0.917154236,0.00046,-0.008622,-0.000354,1778.143066,2
493262.0091,5181042.694,493262.0092,5181042.694,570,782.47396,0.805622,-5.090015,3791.73999,8.602302,0.721314,780.573547,1.900391,13.941956,0.119956,3.302049,205.985031,0.998772896,-0.001973,-0.052162,-0.003005,1788.637329,2
493300.1361,5181041.942,493300.1361,5181041.942,571,786.75792,0.812841,1.743625,254.090164,4.137949,1.818328,780.319641,6.438293,9.39563,0.406614,11.130168,222.325668,0.98847502,0.001355,0.00393,0.000759,1862.692139,3
493323.0066,5181039.359,493323.0066,5181039.359,572,787.60833,0.815261,11.297266,197.564621,4.449542,1.117012,780.218323,7.390015,8.299622,0.471013,7.7008,215.859482,0.99738763,0.006444,0.003164,0.000424,1840.371094,3
492850.9066,5181085.055,492850.9066,5181085.055,573,806.45109,0.833427,12.373325,370.583405,6.354783,0.409488,779.709595,26.741516,0.932861,0.966291,3.054943,108.617935,0.401324759,0.001243,-0.06286,-0.00335,1753.168701,2
492871.2188,5181092.913,492871.2188,5181092.913,574,805.60117,0.879328,-10.652104,960.305115,6.62003,1.014998,779.742004,25.859192,1.637634,0.940443,5.404107,129.558823,0.583030047,0.00089,-0.021311,-0.002007,1795.536865,2
492893.8134,5181077.926,492893.8134,5181077.926,575,803.56918,0.827067,-13.390673,1596.741333,6.674258,1.427289,779.766296,23.802856,3.041809,0.886689,6.737395,62.674042,0.079122274,0.000046,-0.025936,-0.003043,1666.53894,4
492927.9399,5181095.971,492927.9399,5181095.971,576,800.12953,0.919799,-8.053045,1713.377441,6.505555,1.964775,779.84906,20.280457,5.599609,0.783632,8.53409,107.761734,0.394011233,-0.001215,0.007786,0.001155,1768.851807,2
492964.8078,5181083.85,492964.8078,5181083.85,577,795.71108,0.774095,-5.974023,4684.984375,8.0091,1.79255,780.006104,15.704956,8.524292,0.648182,6.56353,36.043739,0.002779095,-0.004546,-0.058195,-0.006652,1623.026123,4
493004.723,5181076.98,493004.723,5181076.98,578,793.69918,0.819657,-0.337003,451.263763,4.826795,1.766389,780.255188,13.44397,9.043152,0.597852,9.951872,51.576542,0.035036437,0.004757,0.051602,0.008918,1594.590088,4
493028.2595,5181075.807,493028.2595,5181075.807,579,789.70998,0.836144,-1.127756,1363.76416,6.702941,1.088395,780.533752,9.176208,12.052795,0.432249,5.599689,73.954987,0.14005734,-0.002482,-0.013025,-0.001271,1696.792481,4
493067.0919,5181078.184,493067.0919,5181078.184,580,787.42948,0.835353,-4.404205,2817.448975,8.154188,0.826643,780.906677,6.522827,13.429077,0.326928,3.839399,91.956749,0.264931029,-0.000845,-0.062208,-0.004165,1733.18457,2
493084.9823,5181080.914,493084.9823,5181080.914,581,786.48049,0.830421,-9.887007,2790.085938,7.687664,0.604723,781.095642,5.384827,13.895386,0.279293,3.316712,95.036842,0.288982297,0.000174,0.021149,0.001224,1737.624145,2
493131.3269,5181074.378,493131.3269,5181074.378,582,784.22666,0.82452,-23.415136,21025.51953,10.332489,0.591377,782.657593,1.569092,14.736145,0.096232,2.296384,147.786224,0.733086971,-0.00126,-0.001345,-0.000054,1770.560791,2
493148.2907,5181077.161,493148.2907,5181077.161,583,783.62458,0.832886,-14.655327,11680.78516,9.480005,0.741198,782.449585,1.174988,14.864502,0.073256,2.991043,160.145096,0.82236274,0.000219,-0.065555,-0.003421,1786.39856,2
493177.122,5181092.105,493177.122,5181092.105,584,784.99831,0.822152,0.021337,1186.233032,6.725385,0.859025,781.308777,3.689514,13.350647,0.216519,4.766881,200.87796,0.993676447,-0.000891,0.002584,0.000215,1814.61084,3
493204.209,5181082.273,493204.209,5181082.273,585,784.94948,0.827257,-0.746578,1969.669556,7.413743,0.752141,781.089111,3.860352,12.767822,0.232157,3.979287,189.48764,0.96829831,-0.001918,0.011856,0.000823,1806.327637,3
493253.6711,5181069.953,493253.6711,5181069.953,586,783.47568,0.837623,-7.182574,2291.224853,7.787642,0.975224,780.63855,2.837158,13.335571,0.175429,4.502175,184.977264,0.953070007,-0.003702,-0.025894,-0.002033,1815.768799,3
493266.4028,5181073.328,493266.4028,5181073.328,587,784.53468,0.850315,-4.74123,2311.33374,7.106516,1.418615,780.542603,3.992065,12.367004,0.244028,6.333244,191.505783,0.974177838,-0.003433,-0.028413,-0.003134,1843.75,3
493293.0145,5181082.042,493293.0145,5181082.042,588,787.47031,0.692647,2.025148,812.543762,6.306769,1.404008,780.395752,7.074585,9.462341,0.427805,6.999488,276.80722,0.696913042,-0.003415,-0.04458,-0.005432,1707.86084,2
492854.4626,5181106.466,492854.4626,5181106.466,589,807.42505,0.868368,12.239984,504.898438,5.849313,0.744878,779.721497,27.703552,0.538086,0.980947,4.871742,148.144821,0.735850901,-0.000536,0.001498,0.000127,1810.326904,3
492875.7288,5181114.461,492875.7289,5181114.461,590,807.48291,0.91075,5.003823,497.579193,5.391113,1.313321,779.74939,27.733521,0.619324,0.978157,7.565846,154.433914,0.782727649,-0.000822,0.016482,0.00217,1853.534424,3
492910.0189,5181113.963,492910.0189,5181113.963,591,802.92079,0.963422,-2.415178,608.790527,5.225092,2.178935,779.824158,23.096619,3.576233,0.865922,10.860596,113.225082,0.441015364,0.000928,0.005797,0.001092,1790.672241,2
492932.6453,5181119.861,492932.6453,5181119.861,592,799.37925,0.936526,-3.320625,917.73584,5.770959,1.994434,779.878967,19.500305,6.315369,0.755367,9.511842,108.743568,0.402399788,-0.001208,-0.007898,-0.001305,1773.366455,2
492960.5905,5181117.625,492960.5905,5181117.625,593,795.12272,0.885975,-6.515499,1636.641357,6.624967,1.576887,779.987671,15.135071,9.37262,0.617564,7.249275,95.568161,0.293194786,0.000158,-0.004737,-0.000598,1736.775391,2
492989.9616,5181105.517,492989.9616,5181105.517,594,792.39909,0.808013,-7.829328,5651.316894,8.315711,1.130357,780.146057,12.253052,10.853638,0.530282,4.630178,59.055717,0.062926079,0.003373,0.039648,0.003201,1683.663208,4
493026.2871,5181102.326,493026.2871,5181102.326,595,790.16348,0.805846,-6.663785,2921.338135,7.659999,0.985332,780.341858,9.821594,12.117676,0.447672,4.611129,57.513172,0.056547672,0.000737,0.036188,0.002909,1681.544922,4
493053.8707,5181100.023,493053.8707,5181100.023,596,788.11985,0.822628,-6.85141,7019.73584,8.697054,0.954308,780.599243,7.52063,13.294922,0.361299,3.930277,76.254715,0.154273196,-0.001118,-0.006044,-0.000414,1712.488648,2
493085.6462,5181123.477,493085.6462,5181123.477,597,787.37541,0.833016,-3.6611,3144.081299,8.254251,0.509483,780.675415,6.700012,13.45752,0.332383,2.743203,141.097794,0.679980444,-0.001406,-0.017424,-0.000834,1773.954102,2
493114.6211,5181102.662,493114.6211,5181102.662,598,785.95286,0.83251,-4.781187,4271.909668,8.576894,0.530498,781.13678,4.816101,13.853943,0.257959,2.699374,135.51001,0.633703363,-0.001017,-0.026464,-0.001246,1769.975098,2
493150.4902,5181124.079,493150.4902,5181124.079,599,786.71151,0.835751,-1.716638,2017.495361,7.802806,0.790846,780.884766,5.826721,12.453186,0.31875,3.906533,178.6763,0.927121931,-0.000095,-0.023088,-0.001573,1806.092285,3
493175.0704,5181117.607,493175.0704,5181117.607,600,786.59927,0.809008,1.360296,777.517212,6.173742,0.932588,780.953857,5.645386,12.04895,0.31905,5.420691,213.140869,0.999248921,-0.001207,0.008635,0.000816,1814.718018,3
493204.4069,5181119.264,493204.4069,5181119.264,601,787.59642,0.859261,-1.280434,958.9245,6.465738,0.874637,780.793091,6.803345,10.639465,0.390037,4.994791,168.351227,0.873616326,0.001167,0.045806,0.003988,1822.864136,3
493241.5606,5181122.844,493241.5606,5181122.844,602,789.3565,0.798388,-0.360846,471.297607,5.200713,1.170531,780.53009,8.826416,8.864746,0.498917,7.185947,222.608231,0.987942707,-0.000669,0.009468,0.001184,1824.136108,3
493266.8972,5181100.035,493266.8972,5181100.035,603,788.47693,0.864526,-1.520107,449.762543,5.083508,1.146425,780.495178,7.98175,9.111023,0.466966,7.198531,188.639999,0.965655157,0.001777,0.036361,0.004556,1858.894898,3
493292.8707,5181102.71,493292.8707,5181102.71,604,788.47794,0.83369,4.256444,1242.878296,6.571929,1.122212,780.394104,8.083862,8.964722,0.474166,5.816367,199.083023,0.99095132,-0.001896,-0.052314,-0.005302,1832.28186,3
492858.5674,5181135.697,492858.5674,5181135.697,605,810.64264,0.908765,7.227244,369.743439,5.027383,1.347676,779.739868,30.902771,0,1,8.081827,165.828308,0.858627483,0.001706,0.019531,0.002746,1871.102173,3
492881.5522,5181151.046,492881.5522,5181151.046,606,811.53256,0.942418,3.294354,380.863647,4.759915,1.499423,779.768188,31.764343,0,1,8.996784,134.499344,0.62518446,0.00173,0.006295,0.000984,1838.32666,3
492914.1294,5181153.726,492914.1294,5181153.726,607,806.56493,1.011679,1.922489,462.247284,4.69393,2.832195,779.819336,26.745605,1.89386,0.933872,13.916571,111.461266,0.425761006,0.00237,0.011296,0.002717,1789.203857,2
492937.5494,5181136.482,492937.5494,5181136.482,608,800.55882,0.960406,-0.534471,732.912415,5.380856,2.347277,779.871887,20.686951,5.714355,0.783558,11.180913,106.502045,0.383294671,-0.002015,0.004575,0.000887,1767.876465,2
492979.6615,5181149.22,492979.6615,5181149.221,609,793.91413,0.893666,-3.188065,1752.04541,6.839882,1.324331,780.031738,13.882385,10.301208,0.574041,6.268312,126.320412,0.555044205,0.001517,-0.000004,0,1796.80188,2
492992.3263,5181135.228,492992.3263,5181135.228,610,792.27397,0.883067,-5.228877,2772.357178,7.386092,1.297511,780.090149,12.183838,11.380188,0.517052,5.747851,121.176079,0.510262505,-0.002335,-0.033128,-0.003318,1784.22522,2
493018.4698,5181133.25,493018.4698,5181133.25,611,790.12181,0.857762,-7.334363,5526.048828,8.397545,0.983462,780.234863,9.886963,12.528137,0.441085,4.173497,128.210495,0.571405115,-0.001231,-0.014776,-0.001075,1779.956299,2
493064.6665,5181151.808,493064.6666,5181151.808,612,789.7686,0.872017,-1.635619,1978.064941,7.163582,1.045698,780.33905,9.429565,12.047546,0.439052,5.126786,150.133331,0.751006971,-0.001702,0.002513,0.000225,1814.013428,3
493100.5991,5181151.648,493100.5991,5181151.648,613,788.47903,0.845677,-2.451053,2623.032227,7.951434,0.965675,780.484253,7.994751,12.269653,0.394522,4.375844,174.181564,0.905437778,-0.001606,-0.039749,-0.003033,1813.854492,3
493131.1997,5181150.571,493131.1998,5181150.571,614,788.95425,0.846108,-2.867763,1105.089111,6.499007,1.035012,780.544006,8.410217,11.084656,0.431407,5.56427,188.406784,0.964910033,-0.001978,0.007098,0.000688,1833.047485,3
493145.9103,5181139.925,493145.9103,5181139.925,615,787.47114,0.836926,-2.846935,1186.773804,6.622614,0.669111,780.760315,6.710815,12.044006,0.357818,4.090448,180.17186,0.933760634,-0.000982,0.020602,0.00147,1809.342285,3
493177.5491,5181143.424,493177.5491,5181143.424,616,788.86589,0.810128,1.503733,995.205994,6.465507,0.924667,780.635803,8.230103,10.2677,0.444923,5.183945,211.597092,0.999805765,0.000717,-0.018126,-0.001638,1813.283081,3
493199.7076,5181130.85,493199.7076,5181130.85,617,788.72826,0.838484,-2.499928,1579.168579,7.45768,0.510629,780.637756,8.090515,9.904907,0.449587,3.055228,129.434952,0.581963884,0.001646,0.010115,0.000539,1770.096436,2
493250.5286,5181138.483,493250.5286,5181138.483,618,791.1866,0.810554,1.349653,395.072021,5.026338,1.126995,780.471008,10.715576,7.314758,0.594308,7.171418,216.87413,0.996405742,-0.000292,0.025042,0.003126,1832.886108,3
493279.8175,5181147.771,493279.8175,5181147.771,619,793.73513,0.878223,4.447823,479.55481,5.195072,1.596572,780.392517,13.34259,5.131653,0.722227,8.851864,191.431076,0.973970634,-0.001219,0.005144,0.000792,1882.502441,3
493299.3257,5181139.204,493299.3257,5181139.204,620,792.70805,0.884428,2.944207,533.709351,5.335964,1.56236,780.365112,12.342957,5.669556,0.685243,8.561234,186.523727,0.958612562,-0.000816,0.014206,0.002115,1880.378052,3
492848.0363,5181182.491,492848.0363,5181182.491,621,818.02785,0.904904,22.079327,127.527321,3.874159,0.92389,779.73291,38.294922,0,1,7.325163,157.029892,0.8011158,0.006889,0.056422,0.007194,1853.696289,3
492872.8223,5181160.774,492872.8223,5181160.774,622,813.53033,0.918755,6.182355,298.817383,4.862134,1.215204,779.754395,33.77594,0,1,7.709762,143.141357,0.696500478,-0.001312,0.010087,0.001353,1840.949829,3
492911.4354,5181170.897,492911.4354,5181170.897,623,807.64576,0.984574,1.702763,373.042419,4.463078,2.768465,779.814941,27.830811,1.77478,0.940053,14.138113,95.083885,0.289354544,-0.002663,0.007906,0.001931,1715.602173,2
492933.1718,5181164.923,492933.1718,5181164.923,624,802.60647,0.980265,-0.005729,604.964661,5.097801,2.530892,779.859802,22.746643,4.698547,0.828803,12.217838,108.817101,0.403029221,-0.001594,0.000418,0.000088,1776.852539,2
492960.5203,5181170.115,492960.5203,5181170.115,625,798.41959,0.936803,-2.222651,1319.264282,6.194868,1.985164,779.930054,18.489563,7.38147,0.714682,8.958689,119.51741,0.495788658,-0.000673,0.001956,0.000305,1801.19458,2
492992.2674,5181167.629,492992.2674,5181167.629,626,794.34812,0.885748,-2.699711,2878.748535,7.654833,1.371163,780.03595,14.312195,9.917908,0.590678,5.753555,132.785095,0.610647407,-0.000816,-0.018783,-0.001883,1802.000244,2
493031.2672,5181163.961,493031.2673,5181163.961,627,791.73951,0.893516,-1.62914,2370.928467,7.082339,1.519638,780.178833,11.560669,11.142639,0.509206,6.652709,157.526474,0.80456397,-0.002586,-0.023679,-0.002743,1842.174072,3
493045.7319,5181169.519,493045.7319,5181169.519,628,791.43587,0.882621,-1.646443,2122.151611,7.034765,1.370368,780.215759,11.220093,11.143433,0.501714,6.248301,163.272934,0.842737242,-0.001327,0.003403,0.00037,1840.308227,3
493100.9034,5181177.409,493100.9034,5181177.409,629,790.52352,0.868777,-1.678214,2206.685547,7.34916,1.621969,780.350464,10.173035,10.565125,0.490547,6.705464,181.810501,0.940695022,0.000427,-0.049551,-0.005786,1852.493896,3
493112.4627,5181161.26,493112.4627,5181161.26,630,789.56292,0.852877,-2.079373,1564.93103,6.655055,1.41988,780.437073,9.125854,11.104675,0.451093,6.731376,192.598236,0.977115561,-0.002935,-0.001437,-0.000168,1849.789063,3
493151.1334,5181159.87,493151.1334,5181159.87,631,789.16304,0.847999,0.517317,1177.057373,6.504032,1.12949,780.560608,8.602417,10.454346,0.45141,5.894746,189.779358,0.96918428,-0.00126,-0.010959,-0.001126,1837.955933,3
493187.4006,5181185.074,493187.4006,5181185.074,632,792.43592,0.869312,-1.033433,681.841492,5.961167,1.008606,780.394409,12.041504,7.239929,0.624513,5.876465,171.710602,0.89244552,-0.001137,0.00385,0.000394,1838.511475,3
493196.7725,5181178.137,493196.7725,5181178.137,633,791.33112,0.854028,-2.104088,1080.499634,6.576688,0.905548,780.433166,10.897949,8.129395,0.572752,5.036652,175.186829,0.910508997,-0.001142,-0.016052,-0.001409,1825.352783,3
493255.3485,5181175.483,493255.3485,5181175.483,634,794.94986,0.765341,1.296587,388.171143,4.882872,1.73876,780.393738,14.556152,4.911743,0.7477,9.773206,236.681213,0.946759335,-0.002575,0.005798,0.000984,1815.812622,3
493276.8493,5181172.032,493276.8493,5181172.032,635,797.66478,0.824045,3.793446,285.293701,4.345059,1.659428,780.37793,17.286865,2.554626,0.871248,10.180469,217.314133,0.995931535,-0.001444,0.023071,0.004078,1865.889648,3
493290.4506,5181180.122,493290.4506,5181180.122,636,800.83663,0.880915,6.072726,212.09874,4.355731,1.397313,780.359924,20.476685,0.39386,0.981128,9.059298,191.259796,0.973492536,0.003165,0.035397,0.005573,1886.157471,3
492869.9918,5181192.332,492869.9918,5181192.332,637,816.24433,0.904158,10.119816,156.892883,3.698115,1.41675,779.75177,36.492554,0,1,9.98633,84.529457,0.209857838,0.002791,0.070927,0.0123,1696.035644,4
492903.9054,5181202.903,492903.9054,5181202.903,638,809.91432,0.905561,2.681747,359.495209,4.738371,1.864872,779.790466,30.12384,0.687622,0.977683,10.44379,82.566833,0.196082198,-0.000755,0.004611,0.000836,1685.678833,4
492937.6173,5181207.075,492937.6173,5181207.075,639,804.81994,0.934958,-2.617637,814.545532,5.690127,1.854916,779.842529,24.977417,3.428711,0.879297,9.15944,112.832634,0.437615933,-0.000153,-0.011685,-0.00186,1784.479126,2
492964.8262,5181199.407,492964.8262,5181199.407,640,799.88244,0.940955,-2.521683,2189.379395,6.930605,2.309585,779.913269,19.969177,6.501587,0.754386,8.983814,127.265762,0.563235932,-0.001757,-0.03899,-0.006089,1820.717285,3
493004.2569,5181207.528,493004.2569,5181207.528,641,797.53729,0.926251,-1.971607,1000.190185,6.005562,1.680362,780.00293,17.534363,7.523804,0.699746,8.2181,146.597382,0.723859116,-0.001172,0.002171,0.00031,1850.788208,3
493030.0372,5181204.267,493030.0372,5181204.267,642,795.64952,0.894936,-1.892522,1548.611206,6.63389,1.436443,780.077698,15.571838,8.300964,0.652284,6.802989,158.930923,0.814191495,-0.002139,-0.011247,-0.001332,1846.060059,3
493062.2627,5181194.706,493062.2627,5181194.706,643,793.91495,0.876611,-0.570911,973.642151,6.255137,1.173365,780.174744,13.740234,8.746582,0.611035,6.251142,169.906006,0.882494458,-0.001082,0.007074,0.00077,1843.983032,3
493102.5507,5181196.249,493102.5508,5181196.249,644,792.79334,0.871219,-1.13227,1740.275757,7.139687,1.492221,780.26123,12.532104,8.672302,0.591014,6.522123,178.109039,0.924527522,-0.000549,-0.044806,-0.005089,1849.969727,3
493127.3599,5181208.627,493127.3599,5181208.627,645,794.42572,0.859677,-2.111181,610.467773,5.713577,1.176372,780.264648,14.161072,6.686829,0.679256,6.732021,188.289078,0.964531036,-0.000157,0.025571,0.002998,1852.193848,3
493161.0736,5181196.037,493161.0736,5181196.037,646,793.53884,0.85483,0.569863,575.135681,5.713707,1.076638,780.345093,13.193726,6.522705,0.669174,6.344904,188.548676,0.965364298,-0.000737,0.013171,0.001456,1845.949707,3
493189.9262,5181193.981,493189.9262,5181193.982,647,793.39333,0.879914,-1.445253,710.581055,5.843023,1.247987,780.364258,13.029053,6.398987,0.670631,6.883112,175.130264,0.910226986,-0.001456,-0.003175,-0.000381,1855.345459,3
493221.8678,5181204.503,493221.8678,5181204.503,648,794.99421,0.856146,-5.292414,922.256653,5.98973,1.521257,780.351318,14.642883,5.135864,0.740334,7.705061,196.409943,0.986000896,-0.00033,-0.005423,-0.000727,1862.64209,3
493233.563,5181217.858,493233.563,5181217.858,649,796.74704,0.85808,-4.520282,724.760315,5.687883,1.56667,780.338074,16.408997,3.786987,0.812488,8.182137,197.790131,0.98868974,-0.000413,-0.002102,-0.000299,1868.592529,3
493276.9412,5181202.678,493276.9412,5181202.678,650,800.79594,0.692214,-1.222152,199.684326,3.987372,1.399182,780.353638,20.442322,0.815918,0.961619,9.526247,263.267822,0.79903767,0.003152,0.039821,0.00659,1736.536987,2
493306.157,5181188.845,493306.157,5181188.845,651,800.87715,0.906911,9.541473,238.393753,4.182595,1.416952,780.355896,20.52124,0.493774,0.976504,9.358983,179.856247,0.932384099,0.000248,0.005408,0.000879,1893.75354,3
492917.9833,5181228.298,492917.9833,5181228.298,652,808.42836,0.876794,-4.289907,324.92569,5.125084,0.982411,779.800537,28.627808,0.985779,0.966712,6.456665,97.403709,0.307882221,0.001641,-0.012257,-0.001378,1742.642456,2
492945.3595,5181242.407,492945.3595,5181242.407,653,808.4552,0.915344,1.292882,305.001678,4.793026,1.367777,779.845215,28.609985,0.562317,0.980724,8.42239,164.701309,0.851705471,0.002131,0.022026,0.003226,1874.931641,3
492969.1295,5181246.442,492969.1295,5181246.443,654,806.39317,0.959184,0.709174,406.032471,4.871009,1.884801,779.902466,26.490723,1.534973,0.94523,10.332912,151.75148,0.763117944,0.001897,0.013788,0.002473,1884.820435,3
493004.739,5181234.868,493004.739,5181234.868,655,801.70248,0.957659,-1.707561,687.460266,5.414232,2.050687,779.96875,21.733704,4.466064,0.829538,10.165971,149.967026,0.749750758,-0.000825,-0.003248,-0.000573,1879.53064,3
493023.2825,5181221.698,493023.2825,5181221.698,656,798.69238,0.927104,-2.257391,1113.646484,6.057844,1.841665,780.021851,18.670532,6.298767,0.74774,8.677134,157.074493,0.801426429,-0.001825,-0.013031,-0.001966,1870.597656,3
493045.683,5181247.121,493045.683,5181247.121,657,801.38974,0.914338,-0.50036,463.122498,4.793603,1.730444,780.040161,21.349609,3.479065,0.859877,9.859185,179.505142,0.930837353,0.001025,0.002809,0.000481,1900.881348,3
493086.9779,5181228.2,493086.9779,5181228.2,658,797.30744,0.907421,-1.584847,522.933228,5.432984,1.339769,780.14447,17.162964,5.433533,0.759541,7.624703,159.935455,0.820962118,-0.000178,0.020532,0.002724,1858.925537,3
493131.3386,5181220.338,493131.3386,5181220.338,659,797.09822,0.87594,-2.545551,340.458679,4.943572,1.327807,780.227417,16.870789,4.08667,0.805002,8.092093,188.079498,0.963851365,-0.001015,0.004342,0.000611,1873.222168,3
493140.7773,5181246.563,493140.7773,5181246.563,660,799.98551,0.850994,0.758493,143.664337,4.283683,0.588388,780.210449,19.775085,1.186523,0.943395,5.129777,179.573334,0.931139031,0.007643,0.022035,0.00197,1828.109741,3
493176.5964,5181227.46,493176.5964,5181227.46,661,797.57673,0.88018,-0.582028,288.498718,4.789797,1.26533,780.279297,17.297424,2.771362,0.861907,7.998186,185.020416,0.95322916,0.000095,0.015079,0.002098,1872.776856,3
493208.4488,5181226.319,493208.4488,5181226.32,662,797.48009,0.876364,-3.17526,478.769012,5.299774,1.39409,780.314026,17.166077,2.885498,0.856096,7.970871,187.030945,0.960357875,0.000838,-0.011557,-0.001603,1871.797852,3
493243.1192,5181243.928,493243.1192,5181243.928,663,801.45138,0.860259,1.358671,279.117889,4.64236,1.453814,780.316711,21.134644,0.448792,0.979207,8.952473,200.145447,0.992622695,-0.001808,0.006801,0.001058,1877.586548,3
493266.4378,5181221.127,493266.4378,5181221.127,664,799.70873,0.79867,1.486562,744.758545,6.101106,1.355526,780.338501,19.370239,2.026794,0.905277,7.02744,222.261215,0.988594778,-0.000223,-0.070221,-0.008591,1823.722778,3
493267.959,5181258.794,493267.959,5181258.794,665,804.27328,0.873856,66.015533,166.209396,4.110484,1.333251,780.325378,23.947876,0,1,9.072048,194.619522,0.982092915,0.005246,0.019472,0.00307,1884.400879,3
493238.3903,5181251.754,493238.3903,5181251.754,666,802.96019,0.833528,19.324186,192.954712,4.081675,1.305869,780.311707,22.648499,0,1,8.981443,211.28801,0.999873668,0.00037,0.028069,0.004382,1863.7677,3
492945.9616,5181256.875,492945.9616,5181256.875,667,809.80309,0.899833,3.728924,242.636612,4.676175,1.132885,779.842224,29.960876,0.008911,0.999703,7.541655,166.358582,0.86183658,0.001619,0.017997,0.002362,1863.380981,3
492953.8537,5181276.395,492953.8537,5181276.395,668,811.57896,0.855828,7.475386,126.664719,4.438299,0.442422,779.85614,31.722839,0,1,4.154034,149.208817,0.743996992,0.006439,0.029741,0.002154,1801.302124,2
493006.6102,5181260.292,493006.6102,5181260.292,669,806.20911,0.942589,-0.423821,350.214874,4.856739,1.545686,779.952209,26.256897,1.212524,0.955859,9.063527,141.90242,0.686513486,0.000455,-0.00511,-0.000805,1853.313721,3
493026.9559,5181255.501,493026.9559,5181255.501,670,803.35979,0.923959,-1.800228,581.299011,5.387,1.660217,779.99408,23.365723,2.706299,0.896199,8.856187,163.119614,0.841761845,0.002041,-0.011319,-0.001743,1879.418335,3
493051.8375,5181254.844,493051.8375,5181254.844,671,802.94662,0.91065,0.97217,276.463745,4.703566,1.32627,780.049927,22.896667,1.800415,0.9271,8.349981,167.731003,0.869997578,0.002743,0.02793,0.004056,1875.556396,3
493075.4624,5181266.085,493075.4624,5181266.085,672,802.89739,0.907257,3.370021,246.490829,4.579822,0.992934,780.080139,22.817261,1.168945,0.951266,6.994689,138.626862,0.659701808,0.001797,0.031915,0.003887,1825.111938,3
493113.3831,5181258.833,493113.3831,5181258.833,673,799.99018,0.830966,-1.324259,294.663177,5.233268,0.739154,780.153259,19.836914,2.239868,0.898542,5.262407,197.484573,0.988118847,0.005323,-0.039291,-0.003604,1825.623047,3
493021.4864,5181280.549,493021.4864,5181280.549,674,806.83698,0.832882,-0.307914,127.64846,4.646061,0.247115,779.985535,26.85144,0.079102,0.997063,2.739692,128.083115,0.570304733,0.003282,0.139721,0.006678,1767.323486,2
492985.6774,5181281.419,492985.6774,5181281.419,675,809.94258,0.859521,0.89467,155.462067,4.298252,0.649444,779.911072,30.031494,0,1,5.468803,94.29644,0.283142464,0.001332,0.080192,0.007643,1737.655884,2
